date,panels,hours
2026-11-02,13,15.6
2026-11-03,10,15.6
2026-11-04,13,15.6
2026-11-05,13,15.6
2026-11-06,13,15.6
2026-11-07,13,15.6
2026-11-09,13,15.6
2026-11-10,19,16.0
2026-11-11,20,16.0
2026-11-12,20,16.0
2026-11-13,20,16.0
2026-11-14,20,16.0
2026-11-16,20,16.0
2026-11-17,20,16.0
2026-11-18,20,16.0
2026-11-19,20,16.0
2026-11-20,20,16.0
2026-11-21,20,16.0
2026-11-23,20,16.0
2026-11-24,20,16.0
2026-11-25,20,16.0
2026-11-26,20,16.0
2026-11-27,20,16.0
2026-11-28,20,16.0
2026-11-30,20,16.0
2026-12-01,20,16.0
2026-12-02,20,16.0
2026-12-03,20,16.0
2026-12-04,20,16.0
2026-12-05,20,16.0
2026-12-07,20,16.0
2026-12-08,20,16.0
2026-12-09,20,16.0
2026-12-10,20,16.0
2026-12-11,20,16.0
2026-12-12,20,16.0
2026-12-14,19,15.4
2026-12-15,17,15.4
2026-12-16,21,15.6
2026-12-17,32,16.0
2026-12-18,32,16.0
2026-12-19,22,11.0
