date,stillages_on_site
2026-10-31,6
2026-11-02,9
2026-11-03,9
2026-11-04,9
2026-11-05,8
2026-11-06,8
2026-11-07,8
2026-11-09,8
2026-11-10,10
2026-11-11,10
2026-11-12,9
2026-11-13,9
2026-11-14,9
2026-11-16,8
2026-11-17,8
2026-11-18,8
2026-11-19,7
2026-11-20,10
2026-11-21,10
2026-11-23,9
2026-11-24,9
2026-11-25,9
2026-11-26,8
2026-11-27,8
2026-11-28,8
2026-11-30,7
2026-12-01,10
2026-12-02,10
2026-12-03,9
2026-12-04,9
2026-12-05,9
2026-12-07,8
2026-12-08,8
2026-12-09,8
2026-12-10,7
2026-12-11,10
2026-12-12,10
2026-12-14,9
2026-12-15,8
2026-12-16,8
2026-12-17,7
2026-12-18,6
2026-12-19,3
