stillage,type,n,panels,first_install,last_install,due,delivered,truck
ST-001,U1,4,S-L1-01 S-L1-02 S-L1-03 S-L1-04,2026-11-02,2026-11-02,2026-10-31,2026-10-31,TR-001
ST-002,U1,4,S-L1-05 S-L1-06 S-L1-07 S-L1-08,2026-11-02,2026-11-02,2026-10-31,2026-10-31,TR-001
ST-003,U1,4,S-L1-09 S-L1-10 S-L1-11 S-L1-12,2026-11-02,2026-11-02,2026-10-31,2026-10-31,TR-001
ST-004,U1,2,S-L1-13 S-L1-14,2026-11-02,2026-11-03,2026-10-31,2026-10-31,TR-002
ST-005,U4,2,S-L1-15 S-L1-16,2026-11-03,2026-11-03,2026-11-02,2026-10-31,TR-002
ST-006,U1,4,S-L1-17 S-L1-18 S-L1-19 S-L1-20,2026-11-03,2026-11-03,2026-11-02,2026-10-31,TR-002
ST-007,U1,4,S-L1-21 S-L1-22 S-L1-23 S-L1-24,2026-11-03,2026-11-04,2026-11-02,2026-11-02,TR-003
ST-008,U1,4,S-L1-25 S-L1-26 S-L1-27 S-L1-28,2026-11-04,2026-11-04,2026-11-03,2026-11-02,TR-003
ST-009,U1,4,S-L1-29 S-L1-30 E-L1-01 E-L1-02,2026-11-04,2026-11-04,2026-11-03,2026-11-02,TR-003
ST-010,U1,4,E-L1-03 E-L1-04 E-L1-05 E-L1-06,2026-11-04,2026-11-04,2026-11-03,2026-11-03,TR-004
ST-011,U1,4,E-L1-07 E-L1-08 E-L1-09 E-L1-10,2026-11-05,2026-11-05,2026-11-04,2026-11-03,TR-004
ST-012,U1,4,E-L1-11 E-L1-12 E-L1-13 E-L1-14,2026-11-05,2026-11-05,2026-11-04,2026-11-03,TR-004
ST-013,U1,4,E-L1-15 N-L1-01 N-L1-02 N-L1-03,2026-11-05,2026-11-05,2026-11-04,2026-11-04,TR-005
ST-014,U1,4,N-L1-04 N-L1-05 N-L1-06 N-L1-07,2026-11-05,2026-11-06,2026-11-04,2026-11-04,TR-005
ST-015,U1,4,N-L1-08 N-L1-09 N-L1-10 N-L1-11,2026-11-06,2026-11-06,2026-11-05,2026-11-04,TR-005
ST-016,U1,4,N-L1-12 N-L1-13 N-L1-14 N-L1-15,2026-11-06,2026-11-06,2026-11-05,2026-11-05,TR-006
ST-017,U1,4,N-L1-16 N-L1-17 N-L1-18 N-L1-19,2026-11-06,2026-11-07,2026-11-05,2026-11-05,TR-006
ST-018,U1,4,N-L1-20 N-L1-21 N-L1-22 N-L1-23,2026-11-07,2026-11-07,2026-11-06,2026-11-05,TR-006
ST-019,U1,4,N-L1-24 N-L1-25 N-L1-26 N-L1-27,2026-11-07,2026-11-07,2026-11-06,2026-11-06,TR-007
ST-020,U1,4,N-L1-28 N-L1-29 N-L1-30 W-L1-01,2026-11-07,2026-11-09,2026-11-06,2026-11-06,TR-007
ST-021,U1,4,W-L1-02 W-L1-03 W-L1-04 W-L1-05,2026-11-09,2026-11-09,2026-11-07,2026-11-06,TR-007
ST-022,U1,4,W-L1-06 W-L1-07 W-L1-08 W-L1-09,2026-11-09,2026-11-09,2026-11-07,2026-11-07,TR-008
ST-023,U1,4,W-L1-10 W-L1-11 W-L1-12 W-L1-13,2026-11-09,2026-11-09,2026-11-07,2026-11-07,TR-008
ST-024,U1,2,W-L1-14 W-L1-15,2026-11-10,2026-11-10,2026-11-09,2026-11-07,TR-008
ST-025,U2,6,S-L2-01 S-L2-02 S-L2-03 S-L2-04 S-L2-05 S-L2-06,2026-11-10,2026-11-10,2026-11-09,2026-11-09,TR-009
ST-026,U2,6,S-L2-07 S-L2-08 S-L2-09 S-L2-10 S-L2-11 S-L2-12,2026-11-10,2026-11-10,2026-11-09,2026-11-09,TR-009
ST-027,U2,6,S-L2-13 S-L2-14 S-L2-15 S-L2-16 S-L2-17 S-L2-18,2026-11-10,2026-11-11,2026-11-09,2026-11-09,TR-009
ST-028,U2,6,S-L2-19 S-L2-20 S-L2-21 S-L2-22 S-L2-23 S-L2-24,2026-11-11,2026-11-11,2026-11-10,2026-11-10,TR-010
ST-029,U2,6,S-L2-25 S-L2-26 S-L2-27 S-L2-28 S-L2-29 S-L2-30,2026-11-11,2026-11-11,2026-11-10,2026-11-10,TR-010
ST-030,U2,6,E-L2-01 E-L2-02 E-L2-03 E-L2-04 E-L2-05 E-L2-06,2026-11-11,2026-11-11,2026-11-10,2026-11-10,TR-010
ST-031,U2,6,E-L2-07 E-L2-08 E-L2-09 E-L2-10 E-L2-11 E-L2-12,2026-11-11,2026-11-12,2026-11-10,2026-11-10,TR-011
ST-032,U2,6,E-L2-13 E-L2-14 E-L2-15 N-L2-01 N-L2-02 N-L2-03,2026-11-12,2026-11-12,2026-11-11,2026-11-10,TR-011
ST-033,U2,6,N-L2-04 N-L2-05 N-L2-06 N-L2-07 N-L2-08 N-L2-09,2026-11-12,2026-11-12,2026-11-11,2026-11-10,TR-011
ST-034,U2,6,N-L2-10 N-L2-11 N-L2-12 N-L2-13 N-L2-14 N-L2-15,2026-11-12,2026-11-13,2026-11-11,2026-11-11,TR-012
ST-035,U2,6,N-L2-16 N-L2-17 N-L2-18 N-L2-19 N-L2-20 N-L2-21,2026-11-13,2026-11-13,2026-11-12,2026-11-11,TR-012
ST-036,U2,6,N-L2-22 N-L2-23 N-L2-24 N-L2-25 N-L2-26 N-L2-27,2026-11-13,2026-11-13,2026-11-12,2026-11-11,TR-012
ST-037,U2,6,N-L2-28 N-L2-29 N-L2-30 W-L2-01 W-L2-02 W-L2-03,2026-11-13,2026-11-14,2026-11-12,2026-11-12,TR-013
ST-038,U2,6,W-L2-04 W-L2-05 W-L2-06 W-L2-07 W-L2-08 W-L2-09,2026-11-14,2026-11-14,2026-11-13,2026-11-12,TR-013
ST-039,U2,6,W-L2-10 W-L2-11 W-L2-12 W-L2-13 W-L2-14 W-L2-15,2026-11-14,2026-11-14,2026-11-13,2026-11-12,TR-013
ST-040,U2,6,S-L3-01 S-L3-02 S-L3-03 S-L3-04 S-L3-05 S-L3-06,2026-11-14,2026-11-14,2026-11-13,2026-11-13,TR-014
ST-041,U2,6,S-L3-07 S-L3-08 S-L3-09 S-L3-10 S-L3-11 S-L3-12,2026-11-14,2026-11-16,2026-11-13,2026-11-13,TR-014
ST-042,U2,6,S-L3-13 S-L3-14 S-L3-15 S-L3-16 S-L3-17 S-L3-18,2026-11-16,2026-11-16,2026-11-14,2026-11-13,TR-014
ST-043,U2,6,S-L3-19 S-L3-20 S-L3-21 S-L3-22 S-L3-23 S-L3-24,2026-11-16,2026-11-16,2026-11-14,2026-11-14,TR-015
ST-044,U2,6,S-L3-25 S-L3-26 S-L3-27 S-L3-28 S-L3-29 S-L3-30,2026-11-16,2026-11-17,2026-11-14,2026-11-14,TR-015
ST-045,U2,6,E-L3-01 E-L3-02 E-L3-03 E-L3-04 E-L3-05 E-L3-06,2026-11-17,2026-11-17,2026-11-16,2026-11-14,TR-015
ST-046,U2,6,E-L3-07 E-L3-08 E-L3-09 E-L3-10 E-L3-11 E-L3-12,2026-11-17,2026-11-17,2026-11-16,2026-11-16,TR-016
ST-047,U2,6,E-L3-13 E-L3-14 E-L3-15 N-L3-01 N-L3-02 N-L3-03,2026-11-17,2026-11-18,2026-11-16,2026-11-16,TR-016
ST-048,U2,6,N-L3-04 N-L3-05 N-L3-06 N-L3-07 N-L3-08 N-L3-09,2026-11-18,2026-11-18,2026-11-17,2026-11-16,TR-016
ST-049,U2,6,N-L3-10 N-L3-11 N-L3-12 N-L3-13 N-L3-14 N-L3-15,2026-11-18,2026-11-18,2026-11-17,2026-11-17,TR-017
ST-050,U2,6,N-L3-16 N-L3-17 N-L3-18 N-L3-19 N-L3-20 N-L3-21,2026-11-18,2026-11-18,2026-11-17,2026-11-17,TR-017
ST-051,U2,6,N-L3-22 N-L3-23 N-L3-24 N-L3-25 N-L3-26 N-L3-27,2026-11-18,2026-11-19,2026-11-17,2026-11-17,TR-017
ST-052,U2,6,N-L3-28 N-L3-29 N-L3-30 W-L3-01 W-L3-02 W-L3-03,2026-11-19,2026-11-19,2026-11-18,2026-11-18,TR-018
ST-053,U2,6,W-L3-04 W-L3-05 W-L3-06 W-L3-07 W-L3-08 W-L3-09,2026-11-19,2026-11-19,2026-11-18,2026-11-18,TR-018
ST-054,U2,6,W-L3-10 W-L3-11 W-L3-12 W-L3-13 W-L3-14 W-L3-15,2026-11-19,2026-11-20,2026-11-18,2026-11-18,TR-018
ST-055,U2,6,S-L4-01 S-L4-02 S-L4-03 S-L4-04 S-L4-05 S-L4-06,2026-11-20,2026-11-20,2026-11-19,2026-11-19,TR-019
ST-056,U2,6,S-L4-07 S-L4-08 S-L4-09 S-L4-10 S-L4-11 S-L4-12,2026-11-20,2026-11-20,2026-11-19,2026-11-19,TR-019
ST-057,U2,6,S-L4-13 S-L4-14 S-L4-15 S-L4-16 S-L4-17 S-L4-18,2026-11-20,2026-11-21,2026-11-19,2026-11-19,TR-019
ST-058,U2,6,S-L4-19 S-L4-20 S-L4-21 S-L4-22 S-L4-23 S-L4-24,2026-11-21,2026-11-21,2026-11-20,2026-11-20,TR-020
ST-059,U2,6,S-L4-25 S-L4-26 S-L4-27 S-L4-28 S-L4-29 S-L4-30,2026-11-21,2026-11-21,2026-11-20,2026-11-20,TR-020
ST-060,U2,6,E-L4-01 E-L4-02 E-L4-03 E-L4-04 E-L4-05 E-L4-06,2026-11-21,2026-11-21,2026-11-20,2026-11-20,TR-020
ST-061,U2,6,E-L4-07 E-L4-08 E-L4-09 E-L4-10 E-L4-11 E-L4-12,2026-11-21,2026-11-23,2026-11-20,2026-11-20,TR-021
ST-062,U2,6,E-L4-13 E-L4-14 E-L4-15 N-L4-01 N-L4-02 N-L4-03,2026-11-23,2026-11-23,2026-11-21,2026-11-20,TR-021
ST-063,U2,6,N-L4-04 N-L4-05 N-L4-06 N-L4-07 N-L4-08 N-L4-09,2026-11-23,2026-11-23,2026-11-21,2026-11-20,TR-021
ST-064,U2,6,N-L4-10 N-L4-11 N-L4-12 N-L4-13 N-L4-14 N-L4-15,2026-11-23,2026-11-24,2026-11-21,2026-11-21,TR-022
ST-065,U2,6,N-L4-16 N-L4-17 N-L4-18 N-L4-19 N-L4-20 N-L4-21,2026-11-24,2026-11-24,2026-11-23,2026-11-21,TR-022
ST-066,U2,6,N-L4-22 N-L4-23 N-L4-24 N-L4-25 N-L4-26 N-L4-27,2026-11-24,2026-11-24,2026-11-23,2026-11-21,TR-022
ST-067,U2,6,N-L4-28 N-L4-29 N-L4-30 W-L4-01 W-L4-02 W-L4-03,2026-11-24,2026-11-25,2026-11-23,2026-11-23,TR-023
ST-068,U2,6,W-L4-04 W-L4-05 W-L4-06 W-L4-07 W-L4-08 W-L4-09,2026-11-25,2026-11-25,2026-11-24,2026-11-23,TR-023
ST-069,U2,6,W-L4-10 W-L4-11 W-L4-12 W-L4-13 W-L4-14 W-L4-15,2026-11-25,2026-11-25,2026-11-24,2026-11-23,TR-023
ST-070,U2,6,S-L5-01 S-L5-02 S-L5-03 S-L5-04 S-L5-05 S-L5-06,2026-11-25,2026-11-25,2026-11-24,2026-11-24,TR-024
ST-071,U2,6,S-L5-07 S-L5-08 S-L5-09 S-L5-10 S-L5-11 S-L5-12,2026-11-25,2026-11-26,2026-11-24,2026-11-24,TR-024
ST-072,U2,6,S-L5-13 S-L5-14 S-L5-15 S-L5-16 S-L5-17 S-L5-18,2026-11-26,2026-11-26,2026-11-25,2026-11-24,TR-024
ST-073,U2,6,S-L5-19 S-L5-20 S-L5-21 S-L5-22 S-L5-23 S-L5-24,2026-11-26,2026-11-26,2026-11-25,2026-11-25,TR-025
ST-074,U2,6,S-L5-25 S-L5-26 S-L5-27 S-L5-28 S-L5-29 S-L5-30,2026-11-26,2026-11-27,2026-11-25,2026-11-25,TR-025
ST-075,U2,6,E-L5-01 E-L5-02 E-L5-03 E-L5-04 E-L5-05 E-L5-06,2026-11-27,2026-11-27,2026-11-26,2026-11-25,TR-025
ST-076,U2,6,E-L5-07 E-L5-08 E-L5-09 E-L5-10 E-L5-11 E-L5-12,2026-11-27,2026-11-27,2026-11-26,2026-11-26,TR-026
ST-077,U2,6,E-L5-13 E-L5-14 E-L5-15 N-L5-01 N-L5-02 N-L5-03,2026-11-27,2026-11-28,2026-11-26,2026-11-26,TR-026
ST-078,U2,6,N-L5-04 N-L5-05 N-L5-06 N-L5-07 N-L5-08 N-L5-09,2026-11-28,2026-11-28,2026-11-27,2026-11-26,TR-026
ST-079,U2,6,N-L5-10 N-L5-11 N-L5-12 N-L5-13 N-L5-14 N-L5-15,2026-11-28,2026-11-28,2026-11-27,2026-11-27,TR-027
ST-080,U2,6,N-L5-16 N-L5-17 N-L5-18 N-L5-19 N-L5-20 N-L5-21,2026-11-28,2026-11-28,2026-11-27,2026-11-27,TR-027
ST-081,U2,6,N-L5-22 N-L5-23 N-L5-24 N-L5-25 N-L5-26 N-L5-27,2026-11-28,2026-11-30,2026-11-27,2026-11-27,TR-027
ST-082,U2,6,N-L5-28 N-L5-29 N-L5-30 W-L5-01 W-L5-02 W-L5-03,2026-11-30,2026-11-30,2026-11-28,2026-11-28,TR-028
ST-083,U2,6,W-L5-04 W-L5-05 W-L5-06 W-L5-07 W-L5-08 W-L5-09,2026-11-30,2026-11-30,2026-11-28,2026-11-28,TR-028
ST-084,U2,6,W-L5-10 W-L5-11 W-L5-12 W-L5-13 W-L5-14 W-L5-15,2026-11-30,2026-12-01,2026-11-28,2026-11-28,TR-028
ST-085,U2,6,S-L6-01 S-L6-02 S-L6-03 S-L6-04 S-L6-05 S-L6-06,2026-12-01,2026-12-01,2026-11-30,2026-11-30,TR-029
ST-086,U2,6,S-L6-07 S-L6-08 S-L6-09 S-L6-10 S-L6-11 S-L6-12,2026-12-01,2026-12-01,2026-11-30,2026-11-30,TR-029
ST-087,U2,6,S-L6-13 S-L6-14 S-L6-15 S-L6-16 S-L6-17 S-L6-18,2026-12-01,2026-12-02,2026-11-30,2026-11-30,TR-029
ST-088,U2,6,S-L6-19 S-L6-20 S-L6-21 S-L6-22 S-L6-23 S-L6-24,2026-12-02,2026-12-02,2026-12-01,2026-12-01,TR-030
ST-089,U2,6,S-L6-25 S-L6-26 S-L6-27 S-L6-28 S-L6-29 S-L6-30,2026-12-02,2026-12-02,2026-12-01,2026-12-01,TR-030
ST-090,U2,6,E-L6-01 E-L6-02 E-L6-03 E-L6-04 E-L6-05 E-L6-06,2026-12-02,2026-12-02,2026-12-01,2026-12-01,TR-030
ST-091,U2,6,E-L6-07 E-L6-08 E-L6-09 E-L6-10 E-L6-11 E-L6-12,2026-12-02,2026-12-03,2026-12-01,2026-12-01,TR-031
ST-092,U2,6,E-L6-13 E-L6-14 E-L6-15 N-L6-01 N-L6-02 N-L6-03,2026-12-03,2026-12-03,2026-12-02,2026-12-01,TR-031
ST-093,U2,6,N-L6-04 N-L6-05 N-L6-06 N-L6-07 N-L6-08 N-L6-09,2026-12-03,2026-12-03,2026-12-02,2026-12-01,TR-031
ST-094,U2,6,N-L6-10 N-L6-11 N-L6-12 N-L6-13 N-L6-14 N-L6-15,2026-12-03,2026-12-04,2026-12-02,2026-12-02,TR-032
ST-095,U2,6,N-L6-16 N-L6-17 N-L6-18 N-L6-19 N-L6-20 N-L6-21,2026-12-04,2026-12-04,2026-12-03,2026-12-02,TR-032
ST-096,U2,6,N-L6-22 N-L6-23 N-L6-24 N-L6-25 N-L6-26 N-L6-27,2026-12-04,2026-12-04,2026-12-03,2026-12-02,TR-032
ST-097,U2,6,N-L6-28 N-L6-29 N-L6-30 W-L6-01 W-L6-02 W-L6-03,2026-12-04,2026-12-05,2026-12-03,2026-12-03,TR-033
ST-098,U2,6,W-L6-04 W-L6-05 W-L6-06 W-L6-07 W-L6-08 W-L6-09,2026-12-05,2026-12-05,2026-12-04,2026-12-03,TR-033
ST-099,U2,6,W-L6-10 W-L6-11 W-L6-12 W-L6-13 W-L6-14 W-L6-15,2026-12-05,2026-12-05,2026-12-04,2026-12-03,TR-033
ST-100,U2,6,S-L7-01 S-L7-02 S-L7-03 S-L7-04 S-L7-05 S-L7-06,2026-12-05,2026-12-05,2026-12-04,2026-12-04,TR-034
ST-101,U2,6,S-L7-07 S-L7-08 S-L7-09 S-L7-10 S-L7-11 S-L7-12,2026-12-05,2026-12-07,2026-12-04,2026-12-04,TR-034
ST-102,U2,6,S-L7-13 S-L7-14 S-L7-15 S-L7-16 S-L7-17 S-L7-18,2026-12-07,2026-12-07,2026-12-05,2026-12-04,TR-034
ST-103,U2,6,S-L7-19 S-L7-20 S-L7-21 S-L7-22 S-L7-23 S-L7-24,2026-12-07,2026-12-07,2026-12-05,2026-12-05,TR-035
ST-104,U2,6,S-L7-25 S-L7-26 S-L7-27 S-L7-28 S-L7-29 S-L7-30,2026-12-07,2026-12-08,2026-12-05,2026-12-05,TR-035
ST-105,U2,6,E-L7-01 E-L7-02 E-L7-03 E-L7-04 E-L7-05 E-L7-06,2026-12-08,2026-12-08,2026-12-07,2026-12-05,TR-035
ST-106,U2,6,E-L7-07 E-L7-08 E-L7-09 E-L7-10 E-L7-11 E-L7-12,2026-12-08,2026-12-08,2026-12-07,2026-12-07,TR-036
ST-107,U2,6,E-L7-13 E-L7-14 E-L7-15 N-L7-01 N-L7-02 N-L7-03,2026-12-08,2026-12-09,2026-12-07,2026-12-07,TR-036
ST-108,U2,6,N-L7-04 N-L7-05 N-L7-06 N-L7-07 N-L7-08 N-L7-09,2026-12-09,2026-12-09,2026-12-08,2026-12-07,TR-036
ST-109,U2,6,N-L7-10 N-L7-11 N-L7-12 N-L7-13 N-L7-14 N-L7-15,2026-12-09,2026-12-09,2026-12-08,2026-12-08,TR-037
ST-110,U2,6,N-L7-16 N-L7-17 N-L7-18 N-L7-19 N-L7-20 N-L7-21,2026-12-09,2026-12-09,2026-12-08,2026-12-08,TR-037
ST-111,U2,6,N-L7-22 N-L7-23 N-L7-24 N-L7-25 N-L7-26 N-L7-27,2026-12-09,2026-12-10,2026-12-08,2026-12-08,TR-037
ST-112,U2,6,N-L7-28 N-L7-29 N-L7-30 W-L7-01 W-L7-02 W-L7-03,2026-12-10,2026-12-10,2026-12-09,2026-12-09,TR-038
ST-113,U2,6,W-L7-04 W-L7-05 W-L7-06 W-L7-07 W-L7-08 W-L7-09,2026-12-10,2026-12-10,2026-12-09,2026-12-09,TR-038
ST-114,U2,6,W-L7-10 W-L7-11 W-L7-12 W-L7-13 W-L7-14 W-L7-15,2026-12-10,2026-12-11,2026-12-09,2026-12-09,TR-038
ST-115,U2,6,S-L8-01 S-L8-02 S-L8-03 S-L8-04 S-L8-05 S-L8-06,2026-12-11,2026-12-11,2026-12-10,2026-12-10,TR-039
ST-116,U2,6,S-L8-07 S-L8-08 S-L8-09 S-L8-10 S-L8-11 S-L8-12,2026-12-11,2026-12-11,2026-12-10,2026-12-10,TR-039
ST-117,U2,6,S-L8-13 S-L8-14 S-L8-15 S-L8-16 S-L8-17 S-L8-18,2026-12-11,2026-12-12,2026-12-10,2026-12-10,TR-039
ST-118,U2,6,S-L8-19 S-L8-20 S-L8-21 S-L8-22 S-L8-23 S-L8-24,2026-12-12,2026-12-12,2026-12-11,2026-12-11,TR-040
ST-119,U2,6,S-L8-25 S-L8-26 S-L8-27 S-L8-28 S-L8-29 S-L8-30,2026-12-12,2026-12-12,2026-12-11,2026-12-11,TR-040
ST-120,U2,6,E-L8-01 E-L8-02 E-L8-03 E-L8-04 E-L8-05 E-L8-06,2026-12-12,2026-12-12,2026-12-11,2026-12-11,TR-040
ST-121,U2,6,E-L8-07 E-L8-08 E-L8-09 E-L8-10 E-L8-11 E-L8-12,2026-12-12,2026-12-14,2026-12-11,2026-12-11,TR-041
ST-122,U2,6,E-L8-13 E-L8-14 E-L8-15 N-L8-01 N-L8-02 N-L8-03,2026-12-14,2026-12-14,2026-12-12,2026-12-11,TR-041
ST-123,U2,6,N-L8-04 N-L8-05 N-L8-06 N-L8-07 N-L8-08 N-L8-09,2026-12-14,2026-12-14,2026-12-12,2026-12-11,TR-041
ST-124,U2,1,N-L8-10,2026-12-14,2026-12-14,2026-12-12,2026-12-12,TR-042
ST-125,U3,6,N-L8-11 N-L8-12 N-L8-13 N-L8-14 N-L8-15 N-L8-16,2026-12-14,2026-12-15,2026-12-12,2026-12-12,TR-042
ST-126,U3,4,N-L8-17 N-L8-18 N-L8-19 N-L8-20,2026-12-15,2026-12-15,2026-12-14,2026-12-12,TR-042
ST-127,U2,6,N-L8-21 N-L8-22 N-L8-23 N-L8-24 N-L8-25 N-L8-26,2026-12-15,2026-12-15,2026-12-14,2026-12-14,TR-043
ST-128,U2,6,N-L8-27 N-L8-28 N-L8-29 N-L8-30 W-L8-01 W-L8-02,2026-12-15,2026-12-16,2026-12-14,2026-12-14,TR-043
ST-129,U2,6,W-L8-03 W-L8-04 W-L8-05 W-L8-06 W-L8-07 W-L8-08,2026-12-16,2026-12-16,2026-12-15,2026-12-14,TR-043
ST-130,U2,6,W-L8-09 W-L8-10 W-L8-11 W-L8-12 W-L8-13 W-L8-14,2026-12-16,2026-12-16,2026-12-15,2026-12-15,TR-044
ST-131,U2,1,W-L8-15,2026-12-16,2026-12-16,2026-12-15,2026-12-15,TR-044
ST-132,U5,10,S-RF-01 S-RF-02 S-RF-03 S-RF-04 S-RF-05 S-RF-06 S-RF-07 S-RF-08 S-RF-09 S-RF-10,2026-12-16,2026-12-17,2026-12-15,2026-12-15,TR-044
ST-133,U5,10,S-RF-11 S-RF-12 S-RF-13 S-RF-14 S-RF-15 S-RF-16 S-RF-17 S-RF-18 S-RF-19 S-RF-20,2026-12-17,2026-12-17,2026-12-16,2026-12-16,TR-045
ST-134,U5,10,S-RF-21 S-RF-22 S-RF-23 S-RF-24 S-RF-25 S-RF-26 S-RF-27 S-RF-28 S-RF-29 S-RF-30,2026-12-17,2026-12-17,2026-12-16,2026-12-16,TR-045
ST-135,U5,10,E-RF-01 E-RF-02 E-RF-03 E-RF-04 E-RF-05 E-RF-06 E-RF-07 E-RF-08 E-RF-09 E-RF-10,2026-12-17,2026-12-18,2026-12-16,2026-12-16,TR-045
ST-136,U5,10,E-RF-11 E-RF-12 E-RF-13 E-RF-14 E-RF-15 N-RF-01 N-RF-02 N-RF-03 N-RF-04 N-RF-05,2026-12-18,2026-12-18,2026-12-17,2026-12-17,TR-046
ST-137,U5,10,N-RF-06 N-RF-07 N-RF-08 N-RF-09 N-RF-10 N-RF-11 N-RF-12 N-RF-13 N-RF-14 N-RF-15,2026-12-18,2026-12-18,2026-12-17,2026-12-17,TR-046
ST-138,U5,10,N-RF-16 N-RF-17 N-RF-18 N-RF-19 N-RF-20 N-RF-21 N-RF-22 N-RF-23 N-RF-24 N-RF-25,2026-12-18,2026-12-19,2026-12-17,2026-12-17,TR-046
ST-139,U5,10,N-RF-26 N-RF-27 N-RF-28 N-RF-29 N-RF-30 W-RF-01 W-RF-02 W-RF-03 W-RF-04 W-RF-05,2026-12-19,2026-12-19,2026-12-18,2026-12-18,TR-047
ST-140,U5,10,W-RF-06 W-RF-07 W-RF-08 W-RF-09 W-RF-10 W-RF-11 W-RF-12 W-RF-13 W-RF-14 W-RF-15,2026-12-19,2026-12-19,2026-12-18,2026-12-18,TR-047
