truck,date,stillages
TR-001,2026-10-31,ST-001 ST-002 ST-003
TR-002,2026-10-31,ST-004 ST-005 ST-006
TR-003,2026-11-02,ST-007 ST-008 ST-009
TR-004,2026-11-03,ST-010 ST-011 ST-012
TR-005,2026-11-04,ST-013 ST-014 ST-015
TR-006,2026-11-05,ST-016 ST-017 ST-018
TR-007,2026-11-06,ST-019 ST-020 ST-021
TR-008,2026-11-07,ST-022 ST-023 ST-024
TR-009,2026-11-09,ST-025 ST-026 ST-027
TR-010,2026-11-10,ST-028 ST-029 ST-030
TR-011,2026-11-10,ST-031 ST-032 ST-033
TR-012,2026-11-11,ST-034 ST-035 ST-036
TR-013,2026-11-12,ST-037 ST-038 ST-039
TR-014,2026-11-13,ST-040 ST-041 ST-042
TR-015,2026-11-14,ST-043 ST-044 ST-045
TR-016,2026-11-16,ST-046 ST-047 ST-048
TR-017,2026-11-17,ST-049 ST-050 ST-051
TR-018,2026-11-18,ST-052 ST-053 ST-054
TR-019,2026-11-19,ST-055 ST-056 ST-057
TR-020,2026-11-20,ST-058 ST-059 ST-060
TR-021,2026-11-20,ST-061 ST-062 ST-063
TR-022,2026-11-21,ST-064 ST-065 ST-066
TR-023,2026-11-23,ST-067 ST-068 ST-069
TR-024,2026-11-24,ST-070 ST-071 ST-072
TR-025,2026-11-25,ST-073 ST-074 ST-075
TR-026,2026-11-26,ST-076 ST-077 ST-078
TR-027,2026-11-27,ST-079 ST-080 ST-081
TR-028,2026-11-28,ST-082 ST-083 ST-084
TR-029,2026-11-30,ST-085 ST-086 ST-087
TR-030,2026-12-01,ST-088 ST-089 ST-090
TR-031,2026-12-01,ST-091 ST-092 ST-093
TR-032,2026-12-02,ST-094 ST-095 ST-096
TR-033,2026-12-03,ST-097 ST-098 ST-099
TR-034,2026-12-04,ST-100 ST-101 ST-102
TR-035,2026-12-05,ST-103 ST-104 ST-105
TR-036,2026-12-07,ST-106 ST-107 ST-108
TR-037,2026-12-08,ST-109 ST-110 ST-111
TR-038,2026-12-09,ST-112 ST-113 ST-114
TR-039,2026-12-10,ST-115 ST-116 ST-117
TR-040,2026-12-11,ST-118 ST-119 ST-120
TR-041,2026-12-11,ST-121 ST-122 ST-123
TR-042,2026-12-12,ST-124 ST-125 ST-126
TR-043,2026-12-14,ST-127 ST-128 ST-129
TR-044,2026-12-15,ST-130 ST-131 ST-132
TR-045,2026-12-16,ST-133 ST-134 ST-135
TR-046,2026-12-17,ST-136 ST-137 ST-138
TR-047,2026-12-18,ST-139 ST-140
